Title,Content,Image
Introduction to Generative AI,"Introduction to Generative AI
Generative AI is a groundbreaking area of artificial intelligence that focuses on creating entirely new and original content—such as text, images, music, or video—based on patterns it discovers in massive datasets. Unlike traditional AI, which is often limited to analyzing or classifying existing data, generative AI models produce novel outputs by learning the underlying complex distributions in their training data. This capability has led to transformative advances across creative, business, scientific, and technological domains.

Key application fields include:

Text generation (e.g., ChatGPT)

Image synthesis (e.g., DALL-E, Midjourney)

Audio/music creation

Deepfake technology (video and audio manipulation)",https://images.pexels.com/photos/373543/pexels-photo-373543.jpeg
Types of Generative AI Models,"Generative AI models utilize sophisticated machine learning architectures capable of modeling complex data distributions. The most widely used types include:

1. Generative Adversarial Networks (GANs)
Composed of two neural networks—a generator and a discriminator—locked in a competition.

The generator creates data (like images), while the discriminator evaluates their authenticity against real data.

Through repeated competition, the generator learns to produce highly realistic (often photorealistic) outputs, making GANs widely used for image synthesis, super-resolution, and artistic style transfer.

2. Variational Autoencoders (VAEs)
Use probabilistic methods to encode input data into a lower-dimensional latent space and then decode it to generate new data.

Produce new data by sampling from the latent space, resulting in variability and novelty in outputs.

Highly effective for generating new examples in domains like images, audio, or even molecular structures.

3. Transformers
The current state-of-the-art architecture for language and multimodal generation.

Models like GPT-3, GPT-4, LLaMA, and Gemini use transformers to process and generate human-like text.

Transformers enable not just text, but multimodal generation, including images, audio, and code.",https://images.pexels.com/photos/267507/pexels-photo-267507.jpeg
Applications of Generative AI,"Generative AI technologies are rapidly transforming entire industries:

Text Generation: Automated drafting of emails, articles, stories, summaries, chatbots, and creative writing.

Image Creation: Production of realistic artworks, design mock-ups, marketing materials, and even “deepfakes.”

Audio & Music Generation: Composition of background scores, voice-overs, speech synthesis, and accent simulation.

Video Generation: Creation of short clips, animations, and personalized media content.

Scientific Discovery: AI-generated molecules for drug design, synthetic datasets for research, and accelerated material science discovery.

Game Development: Dynamic content and scenario generation, lifelike characters, and world-building.",
Large Language Models (LLMs),"Large Language Models such as GPT-3 and GPT-4 represent a significant leap in generative AI. These models:

Are trained on billions of parameters and massive datasets.

Can understand and generate human-like text, answer complex queries, summarize long documents, translate languages, carry on multi-turn conversations, and even write and debug code.

Use a transformer-based architecture that provides powerful context awareness, enabling them to carry forward context in conversations, interpret user intent, and adapt responses accordingly.

Serve as the backbone for applications like intelligent chatbots, automated content creation, knowledge extraction, and virtual assistants.
",https://images.unsplash.com/photo-1506744038136-46273834b3fb
Ethical Considerations in Gen AI,"With the rise of generative AI comes a set of ethical and societal challenges:

Bias and Fairness: Models can amplify biases present in training data, potentially creating unfair or discriminatory outputs.

Misinformation & Deepfakes: Generative models can create convincing fake news, impersonate voices, or alter videos, making information integrity a serious concern.

Content Safety: Potential for the creation of toxic, harmful, or inappropriate content.

Privacy: There is a risk of models unintentionally generating sensitive or private data seen during training.

Mitigation Strategies: Responsible deployment includes reinforcement learning from human feedback (RLHF), transparent model audits, strict ethical standards, and robust content filtering.

Regulation & Oversight: Ongoing discussions about legal frameworks to guard against misuse and ensure accountability.",https://images.pexels.com/photos/1181671/pexels-photo-1181671.jpeg
Fine-Tuning and Customization,"To maximize business and operational value, organizations often fine-tune generative models on specialized datasets:

Customization: Tailoring model behavior for specific brand tone, industry jargon, compliance requirements, or technical accuracy.

Domain Adaptation: Improving model performance in fields like healthcare, finance, or legal, where accuracy and context are critical.

Instruction Following: Teaching models to follow company-specific instructions or ethical guidelines.

Risks: Overfitting and leaking private data are concerns, so fine-tuning must be executed with careful validation and guardrails.",https://images.pexels.com/photos/6693658/pexels-photo-6693658.jpeg
Future Trends in Generative AI,"The field is evolving at breakneck speed, with several exciting trends shaping the near future:

Multimodal Models: Next-gen AI will integrate text, images, audio, and code in a single system, allowing for seamless cross-media generation and interaction.

Real-Time Deepfake Detection & Authentication: Advanced tools will help distinguish real from synthetic content, protecting reputations and public trust.

Democratization: Continual drop in cost and ease-of-use will enable anyone to leverage powerful AI for creativity, design, and problem-solving.

Robust Safety and Regulations: Enhanced guardrails, ethical standards, and regulatory frameworks will drive the safe and responsible deployment of generative AI.

Greater Adoption Across Industries: From education (personalized lessons), to entertainment (dynamic worlds), to scientific research (accelerating discoveries).",https://images.pexels.com/photos/373543/pexels-photo-373543.jpeg
summary,"Generative AI stands at the forefront of digital innovation—reshaping how we create, communicate, design, and discover. With great promise comes critical responsibility to deploy these tools ethically and thoughtfully for maximum societal benefit.",
